{
    "rmse": 0.7312159734691774,
    "mae": 0.6068660422659149,
    "r2": 0.062289265961830265
}